group,seed,player,validation,generation,test_mean,test_median,line_value,bumpiness,max_height,wells,weights
crossover=uniform,0,"GA (crossover=uniform, seed 0)",241.4,11,142.25,87.0,7.016982936484157,0.10164185051592733,0.02779592397444289,0.10587212576641135,"[-0.818156, -0.400564, -0.123873, 0.370174, -0.033875, -0.129028]"
crossover=uniform,1,"GA (crossover=uniform, seed 1)",241.7,19,184.5,141.0,3.7371347421580285,0.08909845981140822,0.16131325723946457,0.17621480653320618,"[-0.48496, -0.696312, -0.10525, -0.435023, -0.190555, -0.208158]"
crossover=uniform,2,"GA (crossover=uniform, seed 2)",266.2,17,135.4,98.5,4.790644542964272,0.08481578432738583,0.1109568364649949,0.15507047291241827,"[-0.644496, -0.629025, -0.108015, -0.343974, -0.141306, -0.197485]"
crossover=uniform,3,"GA (crossover=uniform, seed 3)",240.4,48,153.2,125.0,5.256988193251046,0.11650619972355655,0.03554427670820564,0.1327407441074841,"[-0.700599, -0.657201, -0.158192, 0.131945, -0.048262, -0.180235]"
crossover=uniform,4,"GA (crossover=uniform, seed 4)",261.0,48,186.65,143.5,3.6074885439153435,0.09624246995574681,0.135901725837819,0.1457615676529117,"[-0.420021, -0.820337, -0.119375, 0.274368, -0.168567, -0.180796]"
crossover=uniform,5,"GA (crossover=uniform, seed 5)",264.3,0,207.55,140.0,8.352493973965899,0.13203112619767968,0.041335885445733384,0.07841806434681614,"[-0.926635, -0.212873, -0.150451, 0.251384, -0.047103, -0.089358]"
crossover=uniform,6,"GA (crossover=uniform, seed 6)",243.9,34,208.0,140.0,4.831902138099063,0.1328180777936728,0.04413142833791491,0.06873282606504484,"[-0.658385, -0.629652, -0.171075, -0.360182, -0.056843, -0.08853]"
crossover=uniform,7,"GA (crossover=uniform, seed 7)",266.2,36,135.4,98.5,4.591227545756686,0.08236307395166155,0.10943291323855694,0.16039584248022212,"[-0.621006, -0.661465, -0.105628, -0.321945, -0.140344, -0.205703]"
crossover=uniform,8,"GA (crossover=uniform, seed 8)",249.7,42,172.7,144.5,5.1516091957391685,0.10085707272822568,0.1013747719871921,0.12083503539884133,"[-0.696208, -0.667768, -0.137567, 0.064591, -0.138273, -0.164816]"
crossover=uniform,9,"GA (crossover=uniform, seed 9)",262.6,16,126.75,99.5,6.731055230969232,0.08511805206072046,0.10105436409827064,0.14435939415813762,"[-0.768225, -0.433695, -0.102305, 0.407939, -0.121459, -0.173509]"
crossover=uniform+selection=roulette,0,"GA (crossover=uniform+selection=roulette, seed 0)",240.7,23,167.35,100.0,8.513834678527687,0.10660825900537074,0.027235244822466236,0.174873086191516,"[-0.932014, -0.132662, -0.113503, -0.255661, -0.028997, -0.186183]"
crossover=uniform+selection=roulette,1,"GA (crossover=uniform+selection=roulette, seed 1)",335.0,23,261.1,212.0,0.3691042228360865,0.13503313289734337,-0.02818602078724818,0.10005463543231911,"[-0.084433, -0.84681, -0.125749, -0.5006, 0.026248, -0.093175]"
crossover=uniform+selection=roulette,2,"GA (crossover=uniform+selection=roulette, seed 2)",248.5,40,124.9,83.5,6.588797123241311,0.0701075508379098,0.17255181724079224,0.18765192559437135,"[-0.773426, -0.331433, -0.077459, -0.45457, -0.190645, -0.207329]"
crossover=uniform+selection=roulette,3,"GA (crossover=uniform+selection=roulette, seed 3)",233.2,24,117.4,99.5,5.700924235888852,0.07903831501740474,0.11728138641450088,0.15146656141320786,"[-0.723089, -0.467231, -0.094081, -0.444963, -0.139602, -0.180294]"
crossover=uniform+selection=roulette,4,"GA (crossover=uniform+selection=roulette, seed 4)",271.5,30,146.45,99.5,5.069309174099748,0.08370752960112257,0.08922527595785788,0.15200236924774296,"[-0.678996, -0.589118, -0.106151, -0.361495, -0.113148, -0.192756]"
crossover=uniform+selection=roulette,5,"GA (crossover=uniform+selection=roulette, seed 5)",264.3,0,207.55,140.0,8.352493973965899,0.13203112619767968,0.041335885445733384,0.07841806434681614,"[-0.926635, -0.212873, -0.150451, 0.251384, -0.047103, -0.089358]"
crossover=uniform+selection=roulette,6,"GA (crossover=uniform+selection=roulette, seed 6)",244.5,49,145.3,121.0,5.250131789379755,0.06339342897663681,0.13370754608731947,0.16169809584541336,"[-0.714626, -0.622216, -0.084747, -0.127665, -0.178746, -0.216165]"
crossover=uniform+selection=roulette,7,"GA (crossover=uniform+selection=roulette, seed 7)",198.8,15,150.95,119.0,6.441672095536747,0.010525243562118638,0.3806299657351975,0.24130103977109882,"[-0.672195, -0.425571, -0.011554, 0.349499, -0.417843, -0.264892]"
crossover=uniform+selection=roulette,8,"GA (crossover=uniform+selection=roulette, seed 8)",284.6,27,196.5,148.5,3.8258944787242446,0.14341761166294184,0.21697240057134157,0.12828526956350544,"[-0.498826, -0.71761, -0.174458, -0.334305, -0.263933, -0.156051]"
crossover=uniform+selection=roulette,9,"GA (crossover=uniform+selection=roulette, seed 9)",240.5,35,131.75,120.5,5.01009086290216,0.0852489510352025,0.15794542426003924,0.21393849473466064,"[-0.62665, -0.66303, -0.109944, 0.194915, -0.203699, -0.275912]"
default,0,"GA (default, seed 0)",259.1,19,188.9,143.5,10.18207810375259,0.09496907343325982,0.14203783522734423,0.14542886894130327,"[-0.976186, 0.019916, -0.090816, -0.025045, -0.135827, -0.139069]"
default,1,"GA (default, seed 1)",237.8,29,147.75,114.0,3.560544070144929,0.1131501130809415,0.0020033190527494844,0.1963832666570169,"[-0.417369, -0.825973, -0.140684, 0.253286, -0.002491, -0.244172]"
default,2,"GA (default, seed 2)",244.5,40,164.85,128.0,4.11408764496628,0.08866016353867653,0.1560645117262566,0.17738141644569452,"[-0.396208, -0.69605, -0.09684, 0.531565, -0.170463, -0.193746]"
default,3,"GA (default, seed 3)",223.3,26,110.1,65.0,8.14067810071133,0.15815923376439855,-0.10032847709238542,0.02958887768594446,"[-0.946013, -0.199567, -0.181184, -0.134334, 0.114934, -0.033896]"
default,4,"GA (default, seed 4)",224.2,48,171.2,144.0,5.070390762178182,0.15375799723677314,0.016187573126699082,0.04238574914167042,"[-0.695456, -0.616179, -0.201674, -0.304057, -0.021232, -0.055595]"
default,5,"GA (default, seed 5)",264.3,0,207.55,140.0,8.352493973965899,0.13203112619767968,0.041335885445733384,0.07841806434681614,"[-0.926635, -0.212873, -0.150451, 0.251384, -0.047103, -0.089358]"
default,6,"GA (default, seed 6)",236.5,43,152.6,123.0,8.576160536385535,0.15060650516489987,0.16434600798884805,0.08557818530804522,"[-0.946422, -0.166215, -0.16757, 0.077935, -0.182858, -0.095218]"
default,7,"GA (default, seed 7)",212.8,23,147.3,140.5,8.205286880880557,0.06470434006946299,0.37850433230904984,0.2661314051201652,"[-0.852612, -0.189073, -0.067402, 0.021207, -0.394282, -0.277225]"
default,8,"GA (default, seed 8)",268.2,45,273.3,122.5,2.433097946729984,0.08187515629741127,0.17115915842033508,0.17498948454157728,"[-0.286506, -0.906471, -0.097675, 0.037566, -0.204189, -0.208758]"
default,9,"GA (default, seed 9)",266.9,34,159.25,120.5,6.437179011253265,0.14293727427189817,0.03528895377233209,0.13367767753760573,"[-0.838001, -0.428994, -0.181101, -0.224136, -0.044711, -0.169369]"
mutation_rate=0.01,0,"GA (mutation_rate=0.01, seed 0)",195.0,21,165.4,79.5,9.373829831518089,0.009670292349385934,0.5188879097884498,0.2738726939314503,"[-0.810622, -0.08086, -0.008621, 0.250378, -0.462579, -0.244153]"
mutation_rate=0.01,1,"GA (mutation_rate=0.01, seed 1)",237.2,34,177.85,129.5,4.477681157898637,0.1159641929551615,0.17847325857185986,0.2035780546841555,"[-0.568475, -0.722925, -0.149756, 0.097729, -0.23048, -0.262901]"
mutation_rate=0.01,2,"GA (mutation_rate=0.01, seed 2)",223.8,28,182.95,141.0,6.813332719593223,0.1740820997668316,-0.05128580201487897,0.11444561531050752,"[-0.863164, -0.372166, -0.215049, -0.214927, 0.063355, -0.141378]"
mutation_rate=0.01,3,"GA (mutation_rate=0.01, seed 3)",227.6,39,181.95,131.0,9.890583728426083,0.17234605735708447,-0.0432482611446204,0.10837850552207909,"[-0.839176, -0.060545, -0.155063, 0.507002, 0.038911, -0.09751]"
mutation_rate=0.01,4,"GA (mutation_rate=0.01, seed 4)",189.2,19,128.8,68.0,3.008032016436159,0.17374200632651152,-0.08005094687655656,0.019449757549995193,"[-0.399614, -0.805401, -0.209362, -0.371418, 0.096463, -0.023437]"
mutation_rate=0.01,5,"GA (mutation_rate=0.01, seed 5)",264.3,0,207.55,140.0,8.352493973965899,0.13203112619767968,0.041335885445733384,0.07841806434681614,"[-0.926635, -0.212873, -0.150451, 0.251384, -0.047103, -0.089358]"
mutation_rate=0.01,6,"GA (mutation_rate=0.01, seed 6)",203.2,23,150.65,118.5,8.249755637038957,0.1415493499264583,0.0751787161244408,0.06430776297256544,"[-0.933824, -0.222007, -0.163607, 0.197084, -0.086894, -0.074329]"
mutation_rate=0.01,7,"GA (mutation_rate=0.01, seed 7)",198.8,43,187.5,152.5,3.2567037256280416,0.10971203758824694,0.20373172331937317,0.2670591702452499,"[-0.409804, -0.755995, -0.127902, -0.301381, -0.23751, -0.311338]"
mutation_rate=0.01,8,"GA (mutation_rate=0.01, seed 8)",262.3,40,162.9,119.5,4.262120230172722,0.14432664536024775,0.05083744517686453,0.12571207462370074,"[-0.579158, -0.768886, -0.194559, -0.046055, -0.068531, -0.169466]"
mutation_rate=0.01,9,"GA (mutation_rate=0.01, seed 9)",221.8,21,166.85,120.0,6.126057602215794,0.10767523162387307,0.0854859847442667,0.18081782030018292,"[-0.780194, -0.522169, -0.140232, 0.176412, -0.111334, -0.23549]"
mutation_rate=0.15,0,"GA (mutation_rate=0.15, seed 0)",260.2,16,158.2,144.5,10.298761171680013,0.09610060114073299,0.12045477223786939,0.13812101013412703,"[-0.976023, 0.019723, -0.091901, 0.08848, -0.115191, -0.132085]"
mutation_rate=0.15,1,"GA (mutation_rate=0.15, seed 1)",260.1,8,171.2,81.5,5.530574252108873,0.08520665221753745,0.07465899243433659,0.14110782551535217,"[-0.749995, -0.612679, -0.116109, 0.036421, -0.101736, -0.192284]"
mutation_rate=0.15,2,"GA (mutation_rate=0.15, seed 2)",310.7,38,442.05,241.0,0.40515784918336023,0.10372968716123421,0.1763774626281091,0.2034240018597523,"[0.007459, -0.870578, -0.089531, 0.424286, -0.152235, -0.175579]"
mutation_rate=0.15,3,"GA (mutation_rate=0.15, seed 3)",260.2,32,223.85,202.5,7.527886819728585,0.1432844557077435,0.04640247230330816,0.12553570453482593,"[-0.631817, -0.299316, -0.133417, 0.691294, -0.043207, -0.11689]"
mutation_rate=0.15,4,"GA (mutation_rate=0.15, seed 4)",287.0,47,209.25,149.5,2.5361005989300502,0.09853565865834936,0.12895964834705625,0.1447870972355056,"[-0.33071, -0.806339, -0.11204, -0.423429, -0.146633, -0.16463]"
mutation_rate=0.15,5,"GA (mutation_rate=0.15, seed 5)",286.2,27,166.3,120.0,5.88758547701932,0.10376978317847564,0.1147819033834815,0.14535897374936954,"[-0.788609, -0.544659, -0.138353, -0.036363, -0.153035, -0.193802]"
mutation_rate=0.15,6,"GA (mutation_rate=0.15, seed 6)",229.3,42,159.9,151.5,5.9700666284791994,0.11549587366010114,0.028358692673692593,0.17634551583528477,"[-0.79868, -0.520001, -0.152302, -0.114185, -0.037396, -0.232543]"
mutation_rate=0.15,7,"GA (mutation_rate=0.15, seed 7)",243.6,29,181.3,122.5,9.777054214430612,0.08112921796759384,0.1838313811995531,0.19006803200219705,"[-0.9592, -0.028696, -0.080147, 0.066713, -0.181606, -0.187767]"
mutation_rate=0.15,8,"GA (mutation_rate=0.15, seed 8)",250.9,49,172.45,177.0,4.656626040721951,0.09585881391665382,0.12966848829515623,0.14073649721563025,"[-0.629406, -0.721287, -0.129476, -0.004387, -0.175142, -0.190092]"
mutation_rate=0.15,9,"GA (mutation_rate=0.15, seed 9)",265.4,5,191.1,165.0,6.648212020324917,0.09748516985417985,0.2501755514335786,0.2848702045598438,"[-0.781045, -0.407126, -0.115829, 0.088761, -0.297251, -0.338474]"
population_size=100,0,"GA (population_size=100, seed 0)",268.8,15,178.8,149.0,6.575539062000829,0.11343085699373597,0.21722813167482502,0.24252098087120208,"[-0.780882, -0.432297, -0.137612, 0.168488, -0.263537, -0.294221]"
population_size=100,1,"GA (population_size=100, seed 1)",245.0,35,204.9,156.5,5.4815284202894485,0.1278115290925542,0.11942378861772691,0.17794406827283157,"[-0.721322, -0.605441, -0.169576, 0.059467, -0.158447, -0.23609]"
population_size=100,2,"GA (population_size=100, seed 2)",249.7,21,179.0,153.5,4.207379589988341,0.10173845838896638,0.10257848829553191,0.11168810576444538,"[-0.574447, -0.778658, -0.137663, -0.051444, -0.1388, -0.151126]"
population_size=100,3,"GA (population_size=100, seed 3)",286.2,30,173.9,120.0,5.372022815787722,0.09997764024288974,0.11983785077304107,0.14624064025652805,"[-0.731112, -0.605354, -0.133617, -0.131599, -0.160159, -0.195446]"
population_size=100,4,"GA (population_size=100, seed 4)",263.7,43,195.7,150.0,6.3284489225137905,0.13109673809270672,0.11048509911562651,0.1679382385386422,"[-0.821763, -0.477019, -0.170266, 0.001644, -0.143496, -0.218115]"
population_size=100,5,"GA (population_size=100, seed 5)",264.3,0,207.55,140.0,8.352493973965899,0.13203112619767968,0.041335885445733384,0.07841806434681614,"[-0.926635, -0.212873, -0.150451, 0.251384, -0.047103, -0.089358]"
population_size=100,6,"GA (population_size=100, seed 6)",262.5,45,128.5,99.5,6.449355063328339,0.08677161767051517,0.10254368753620366,0.14727605780155828,"[-0.84602, -0.464691, -0.113733, -0.006959, -0.134405, -0.193036]"
population_size=100,7,"GA (population_size=100, seed 7)",239.2,28,217.7,164.5,5.2486704892515315,0.1488721553165285,0.01591737738091635,0.10573654075036946,"[-0.715129, -0.59417, -0.194918, -0.279211, -0.020841, -0.138441]"
population_size=100,8,"GA (population_size=100, seed 8)",229.4,49,195.85,164.5,4.595209124990525,0.14787822122923178,0.007997308234576072,0.10858751890492792,"[-0.607821, -0.74311, -0.199773, 0.1296, -0.010804, -0.146694]"
population_size=100,9,"GA (population_size=100, seed 9)",234.2,24,193.7,168.0,5.706415397446047,0.16267668133524402,0.014576559436374694,0.09646080630233371,"[-0.764076, -0.587564, -0.21988, 0.07226, -0.019702, -0.13038]"
population_size=20,0,"GA (population_size=20, seed 0)",234.9,12,146.9,134.5,9.481103015394742,0.10858864060135746,0.009557446752330452,0.18895435170480618,"[-0.972879, -0.049388, -0.111007, -0.036567, -0.00977, -0.193162]"
population_size=20,1,"GA (population_size=20, seed 1)",222.3,49,119.4,83.5,3.06100252071751,0.06735162685848824,0.1850566429431289,0.18933190710195485,"[-0.392457, -0.84401, -0.083278, -0.139743, -0.228816, -0.234103]"
population_size=20,2,"GA (population_size=20, seed 2)",186.2,34,136.05,120.5,3.39629552600309,0.027529173130684398,0.36391250444144224,0.2644964056118288,"[-0.405363, -0.681515, -0.029921, -0.362268, -0.395528, -0.287475]"
population_size=20,3,"GA (population_size=20, seed 3)",262.6,17,117.2,99.5,9.214388569447888,0.08287696337979555,0.09724143193492903,0.16174972306828575,"[-0.952677, -0.101496, -0.087367, 0.186786, -0.102509, -0.170512]"
population_size=20,4,"GA (population_size=20, seed 4)",242.7,36,190.55,128.5,4.367695786930378,0.1261625835469589,0.05292283603023998,0.08011396122886884,"[-0.591437, -0.671213, -0.159299, -0.3995, -0.066823, -0.101156]"
population_size=20,5,"GA (population_size=20, seed 5)",229.4,49,195.85,164.5,5.640545919830794,0.148011423166151,0.006572986611784537,0.10739279692007703,"[-0.73583, -0.602279, -0.198055, 0.189366, -0.008795, -0.143703]"
population_size=20,6,"GA (population_size=20, seed 6)",224.0,48,144.9,89.5,6.201682024477572,0.1125547644229628,0.06405613353440323,0.1033186615357446,"[-0.771387, -0.520381, -0.145395, 0.297264, -0.082746, -0.133464]"
population_size=20,7,"GA (population_size=20, seed 7)",288.0,20,159.5,155.0,6.505114665029227,0.1464486750029306,0.2118367231611336,0.13066300784077825,"[-0.782457, -0.455566, -0.181307, 0.228912, -0.262259, -0.161764]"
population_size=20,8,"GA (population_size=20, seed 8)",232.3,37,136.7,131.0,2.284651409892801,0.12219120065802826,0.10693355441119617,0.09545237752216754,"[-0.255663, -0.928746, -0.144724, 0.149333, -0.126653, -0.113055]"
population_size=20,9,"GA (population_size=20, seed 9)",233.6,48,148.25,169.0,6.407502227189002,0.0974700446397222,0.2328420629134741,0.28634275393688946,"[-0.633698, -0.432635, -0.103936, 0.495554, -0.248287, -0.305337]"
selection=roulette,0,"GA (selection=roulette, seed 0)",229.2,41,181.8,160.5,12.525160685077305,0.11367240670620003,0.2168403277033105,0.12290204518785068,"[-0.953097, 0.199771, -0.085632, -0.09544, -0.163351, -0.092585]"
selection=roulette,1,"GA (selection=roulette, seed 1)",271.0,10,340.2,241.5,0.19120165814239098,0.16773193830903946,0.10963560891404821,0.09055090974777076,"[-0.002839, -0.964487, -0.162251, 0.156564, -0.106053, -0.087592]"
selection=roulette,2,"GA (selection=roulette, seed 2)",221.4,13,150.0,101.5,4.850395382150284,0.07944404540039543,0.22595937331581312,0.31086601332955444,"[-0.581736, -0.643687, -0.097353, 0.12643, -0.276896, -0.380942]"
selection=roulette,3,"GA (selection=roulette, seed 3)",308.6,28,139.25,120.0,6.410503764706629,0.1025607297757771,0.11222006151256413,0.145569216688175,"[-0.511333, -0.401036, -0.093573, 0.735412, -0.102386, -0.132813]"
selection=roulette,4,"GA (selection=roulette, seed 4)",240.9,40,181.35,158.5,1.325010105668872,0.17788214418790133,-0.08014237039202726,0.05379360293499607,"[-0.178776, -0.879517, -0.188251, -0.385507, 0.084814, -0.056929]"
selection=roulette,5,"GA (selection=roulette, seed 5)",264.3,0,207.55,140.0,8.352493973965899,0.13203112619767968,0.041335885445733384,0.07841806434681614,"[-0.926635, -0.212873, -0.150451, 0.251384, -0.047103, -0.089358]"
selection=roulette,6,"GA (selection=roulette, seed 6)",224.6,37,158.75,141.0,7.633222923913316,0.14517198947718565,0.019342410577365042,0.06653797921279941,"[-0.882024, -0.312261, -0.173377, 0.296003, -0.0231, -0.079465]"
selection=roulette,7,"GA (selection=roulette, seed 7)",244.5,43,181.15,141.0,3.746730584762546,0.08611505604587419,0.1703235423161473,0.1847538362344456,"[-0.45598, -0.806549, -0.108723, 0.170554, -0.215039, -0.233257]"
selection=roulette,8,"GA (selection=roulette, seed 8)",275.0,37,158.25,155.0,2.8000636656054825,0.15142011057973193,0.2022730255595299,0.11909622099328067,"[-0.348714, -0.870023, -0.184541, -0.074601, -0.246518, -0.145147]"
selection=roulette,9,"GA (selection=roulette, seed 9)",266.9,47,166.35,132.0,6.2335653284175345,0.13931062506251088,0.04204332794785507,0.1373458354224637,"[-0.820847, -0.503659, -0.184518, 0.047927, -0.055687, -0.181915]"
