player,game_seed,lines,pieces,score,singles,doubles,triples,tetrises,reached_cap,seconds,weights
Random,1000000000,0,23,0,0,0,0,0,False,0.0,
Random,1000000001,0,23,0,0,0,0,0,False,0.0,
Random,1000000002,0,28,0,0,0,0,0,False,0.0,
Random,1000000003,0,26,0,0,0,0,0,False,0.0,
Random,1000000004,0,23,0,0,0,0,0,False,0.0,
Random,1000000005,0,28,0,0,0,0,0,False,0.0,
Random,1000000006,0,23,0,0,0,0,0,False,0.0,
Random,1000000007,0,25,0,0,0,0,0,False,0.0,
Random,1000000008,0,28,0,0,0,0,0,False,0.0,
Random,1000000009,0,19,0,0,0,0,0,False,0.0,
Random,1000000010,0,25,0,0,0,0,0,False,0.0,
Random,1000000011,0,23,0,0,0,0,0,False,0.0,
Random,1000000012,0,25,0,0,0,0,0,False,0.0,
Random,1000000013,0,28,0,0,0,0,0,False,0.01,
Random,1000000014,0,22,0,0,0,0,0,False,0.0,
Random,1000000015,0,21,0,0,0,0,0,False,0.0,
Random,1000000016,0,20,0,0,0,0,0,False,0.0,
Random,1000000017,0,25,0,0,0,0,0,False,0.0,
Random,1000000018,0,27,0,0,0,0,0,False,0.0,
Random,1000000019,0,25,0,0,0,0,0,False,0.0,
Hand-tuned,1000000000,175,479,7580,147,11,2,0,False,0.08,"[-0.5, -1.0, -0.2, 1.0, -0.1, -0.1]"
Hand-tuned,1000000001,932,2369,43380,757,68,9,3,False,0.51,"[-0.5, -1.0, -0.2, 1.0, -0.1, -0.1]"
Hand-tuned,1000000002,1419,3591,63060,1114,128,15,1,False,0.68,"[-0.5, -1.0, -0.2, 1.0, -0.1, -0.1]"
Hand-tuned,1000000003,1887,4761,82980,1542,156,7,3,False,0.8,"[-0.5, -1.0, -0.2, 1.0, -0.1, -0.1]"
Hand-tuned,1000000004,215,581,9380,167,21,2,0,False,0.1,"[-0.5, -1.0, -0.2, 1.0, -0.1, -0.1]"
Hand-tuned,1000000005,1311,3320,60940,1046,98,19,3,False,0.53,"[-0.5, -1.0, -0.2, 1.0, -0.1, -0.1]"
Hand-tuned,1000000006,2710,6818,122840,2211,203,23,6,False,1.34,"[-0.5, -1.0, -0.2, 1.0, -0.1, -0.1]"
Hand-tuned,1000000007,663,1700,32320,518,53,9,3,False,0.29,"[-0.5, -1.0, -0.2, 1.0, -0.1, -0.1]"
Hand-tuned,1000000008,2542,6397,118700,2045,192,27,8,False,1.3,"[-0.5, -1.0, -0.2, 1.0, -0.1, -0.1]"
Hand-tuned,1000000009,538,1389,28720,413,35,13,4,False,0.25,"[-0.5, -1.0, -0.2, 1.0, -0.1, -0.1]"
Hand-tuned,1000000010,763,1950,34680,637,50,6,2,False,0.36,"[-0.5, -1.0, -0.2, 1.0, -0.1, -0.1]"
Hand-tuned,1000000011,5048,12660,230700,3965,442,53,10,False,2.14,"[-0.5, -1.0, -0.2, 1.0, -0.1, -0.1]"
Hand-tuned,1000000012,8332,20873,388280,6587,705,77,26,False,3.68,"[-0.5, -1.0, -0.2, 1.0, -0.1, -0.1]"
Hand-tuned,1000000013,2947,7410,132800,2390,225,29,5,False,1.22,"[-0.5, -1.0, -0.2, 1.0, -0.1, -0.1]"
Hand-tuned,1000000014,1425,3606,62340,1156,116,11,1,False,0.63,"[-0.5, -1.0, -0.2, 1.0, -0.1, -0.1]"
Hand-tuned,1000000015,1304,3302,61580,1012,121,10,5,False,0.51,"[-0.5, -1.0, -0.2, 1.0, -0.1, -0.1]"
Hand-tuned,1000000016,940,2394,43280,732,92,4,3,False,0.42,"[-0.5, -1.0, -0.2, 1.0, -0.1, -0.1]"
Hand-tuned,1000000017,1185,3004,53000,975,86,10,2,False,0.5,"[-0.5, -1.0, -0.2, 1.0, -0.1, -0.1]"
Hand-tuned,1000000018,959,2441,42180,767,85,6,1,False,0.39,"[-0.5, -1.0, -0.2, 1.0, -0.1, -0.1]"
Hand-tuned,1000000019,803,2051,35980,667,51,10,1,False,0.31,"[-0.5, -1.0, -0.2, 1.0, -0.1, -0.1]"
Literature,1000000000,170,468,7340,146,9,2,0,False,0.07,"[-0.510066, -0.35663, -0.184483, 0.760666, 0.0, 0.0]"
Literature,1000000001,249,666,12520,183,22,6,1,False,0.1,"[-0.510066, -0.35663, -0.184483, 0.760666, 0.0, 0.0]"
Literature,1000000002,417,1086,17860,344,32,3,0,False,0.16,"[-0.510066, -0.35663, -0.184483, 0.760666, 0.0, 0.0]"
Literature,1000000003,1020,2593,45280,852,64,12,1,False,0.52,"[-0.510066, -0.35663, -0.184483, 0.760666, 0.0, 0.0]"
Literature,1000000004,69,216,2880,57,6,0,0,False,0.03,"[-0.510066, -0.35663, -0.184483, 0.760666, 0.0, 0.0]"
Literature,1000000005,180,493,7580,157,10,1,0,False,0.07,"[-0.510066, -0.35663, -0.184483, 0.760666, 0.0, 0.0]"
Literature,1000000006,1210,3068,54600,975,87,19,1,False,0.5,"[-0.510066, -0.35663, -0.184483, 0.760666, 0.0, 0.0]"
Literature,1000000007,553,1425,24920,448,43,5,1,False,0.28,"[-0.510066, -0.35663, -0.184483, 0.760666, 0.0, 0.0]"
Literature,1000000008,909,2315,40860,724,74,11,1,False,0.41,"[-0.510066, -0.35663, -0.184483, 0.760666, 0.0, 0.0]"
Literature,1000000009,520,1343,23880,417,39,7,1,False,0.22,"[-0.510066, -0.35663, -0.184483, 0.760666, 0.0, 0.0]"
Literature,1000000010,123,349,5660,94,10,3,0,False,0.06,"[-0.510066, -0.35663, -0.184483, 0.760666, 0.0, 0.0]"
Literature,1000000011,202,547,8780,162,17,2,0,False,0.08,"[-0.510066, -0.35663, -0.184483, 0.760666, 0.0, 0.0]"
Literature,1000000012,814,2078,36440,676,52,10,1,False,0.32,"[-0.510066, -0.35663, -0.184483, 0.760666, 0.0, 0.0]"
Literature,1000000013,174,477,7540,146,11,2,0,False,0.07,"[-0.510066, -0.35663, -0.184483, 0.760666, 0.0, 0.0]"
Literature,1000000014,836,2132,38980,662,65,12,2,False,0.36,"[-0.510066, -0.35663, -0.184483, 0.760666, 0.0, 0.0]"
Literature,1000000015,967,2460,42500,795,65,14,0,False,0.39,"[-0.510066, -0.35663, -0.184483, 0.760666, 0.0, 0.0]"
Literature,1000000016,1020,2592,45400,825,79,11,1,False,0.44,"[-0.510066, -0.35663, -0.184483, 0.760666, 0.0, 0.0]"
Literature,1000000017,1235,3131,55660,1029,85,8,3,False,0.52,"[-0.510066, -0.35663, -0.184483, 0.760666, 0.0, 0.0]"
Literature,1000000018,264,702,13240,201,19,7,1,False,0.1,"[-0.510066, -0.35663, -0.184483, 0.760666, 0.0, 0.0]"
Literature,1000000019,331,870,13820,288,20,1,0,False,0.14,"[-0.510066, -0.35663, -0.184483, 0.760666, 0.0, 0.0]"
GA best (default),1000000000,3361,8444,149140,2741,257,30,4,False,1.47,"[-0.286506, -0.906471, -0.097675, 0.037566, -0.204189, -0.208758]"
GA best (default),1000000001,1254,3176,55560,1039,83,15,1,False,0.51,"[-0.286506, -0.906471, -0.097675, 0.037566, -0.204189, -0.208758]"
GA best (default),1000000002,1132,2872,49540,911,98,7,1,False,0.52,"[-0.286506, -0.906471, -0.097675, 0.037566, -0.204189, -0.208758]"
GA best (default),1000000003,1093,2776,48400,905,74,12,1,False,0.49,"[-0.286506, -0.906471, -0.097675, 0.037566, -0.204189, -0.208758]"
GA best (default),1000000004,535,1381,24380,452,36,1,2,False,0.21,"[-0.286506, -0.906471, -0.097675, 0.037566, -0.204189, -0.208758]"
GA best (default),1000000005,1940,4893,87000,1595,145,13,4,False,0.79,"[-0.286506, -0.906471, -0.097675, 0.037566, -0.204189, -0.208758]"
GA best (default),1000000006,1473,3725,64020,1228,104,11,1,False,0.73,"[-0.286506, -0.906471, -0.097675, 0.037566, -0.204189, -0.208758]"
GA best (default),1000000007,6044,15153,267400,4940,470,44,8,False,2.37,"[-0.286506, -0.906471, -0.097675, 0.037566, -0.204189, -0.208758]"
GA best (default),1000000008,2563,6450,112080,2107,194,20,2,False,0.96,"[-0.286506, -0.906471, -0.097675, 0.037566, -0.204189, -0.208758]"
GA best (default),1000000009,1920,4844,83000,1610,132,14,1,False,0.78,"[-0.286506, -0.906471, -0.097675, 0.037566, -0.204189, -0.208758]"
GA best (default),1000000010,450,1168,19840,356,38,6,0,False,0.2,"[-0.286506, -0.906471, -0.097675, 0.037566, -0.204189, -0.208758]"
GA best (default),1000000011,424,1103,17920,358,30,2,0,False,0.24,"[-0.286506, -0.906471, -0.097675, 0.037566, -0.204189, -0.208758]"
GA best (default),1000000012,7798,19538,338140,6421,612,43,6,False,3.23,"[-0.286506, -0.906471, -0.097675, 0.037566, -0.204189, -0.208758]"
GA best (default),1000000013,5728,14363,248800,4760,416,40,4,False,2.36,"[-0.286506, -0.906471, -0.097675, 0.037566, -0.204189, -0.208758]"
GA best (default),1000000014,1131,2871,48580,917,95,8,0,False,0.41,"[-0.286506, -0.906471, -0.097675, 0.037566, -0.204189, -0.208758]"
GA best (default),1000000015,921,2346,40160,764,69,5,1,False,0.44,"[-0.286506, -0.906471, -0.097675, 0.037566, -0.204189, -0.208758]"
GA best (default),1000000016,1133,2876,52700,930,80,9,4,False,0.44,"[-0.286506, -0.906471, -0.097675, 0.037566, -0.204189, -0.208758]"
GA best (default),1000000017,7377,18485,324680,6002,585,59,7,False,3.01,"[-0.286506, -0.906471, -0.097675, 0.037566, -0.204189, -0.208758]"
GA best (default),1000000018,707,1810,30860,579,59,2,1,False,0.27,"[-0.286506, -0.906471, -0.097675, 0.037566, -0.204189, -0.208758]"
GA best (default),1000000019,1267,3210,55940,1061,87,8,2,False,0.48,"[-0.286506, -0.906471, -0.097675, 0.037566, -0.204189, -0.208758]"
"GA top-1: GA (crossover=uniform+selection=roulette, seed 1)",1000000000,1977,4984,96780,1422,228,21,9,False,0.89,"[-0.084433, -0.84681, -0.125749, -0.5006, 0.026248, -0.093175]"
"GA top-1: GA (crossover=uniform+selection=roulette, seed 1)",1000000001,1718,4334,83140,1236,193,24,6,False,0.66,"[-0.084433, -0.84681, -0.125749, -0.5006, 0.026248, -0.093175]"
"GA top-1: GA (crossover=uniform+selection=roulette, seed 1)",1000000002,121,343,6300,90,12,1,1,False,0.08,"[-0.084433, -0.84681, -0.125749, -0.5006, 0.026248, -0.093175]"
"GA top-1: GA (crossover=uniform+selection=roulette, seed 1)",1000000003,13207,33060,633420,9403,1559,174,41,False,5.77,"[-0.084433, -0.84681, -0.125749, -0.5006, 0.026248, -0.093175]"
"GA top-1: GA (crossover=uniform+selection=roulette, seed 1)",1000000004,20607,51555,1017200,14860,2263,283,93,False,9.05,"[-0.084433, -0.84681, -0.125749, -0.5006, 0.026248, -0.093175]"
"GA top-1: GA (crossover=uniform+selection=roulette, seed 1)",1000000005,2912,7322,143700,2080,323,46,12,False,1.23,"[-0.084433, -0.84681, -0.125749, -0.5006, 0.026248, -0.093175]"
"GA top-1: GA (crossover=uniform+selection=roulette, seed 1)",1000000006,4949,12416,236280,3537,576,68,14,False,2.35,"[-0.084433, -0.84681, -0.125749, -0.5006, 0.026248, -0.093175]"
"GA top-1: GA (crossover=uniform+selection=roulette, seed 1)",1000000007,3984,10001,192840,2891,433,57,14,False,1.7,"[-0.084433, -0.84681, -0.125749, -0.5006, 0.026248, -0.093175]"
"GA top-1: GA (crossover=uniform+selection=roulette, seed 1)",1000000008,4856,12182,237640,3541,531,55,22,False,2.27,"[-0.084433, -0.84681, -0.125749, -0.5006, 0.026248, -0.093175]"
"GA top-1: GA (crossover=uniform+selection=roulette, seed 1)",1000000009,11569,28963,565160,8289,1304,164,45,False,5.12,"[-0.084433, -0.84681, -0.125749, -0.5006, 0.026248, -0.093175]"
"GA top-1: GA (crossover=uniform+selection=roulette, seed 1)",1000000010,10431,26116,511980,7502,1162,143,44,False,4.54,"[-0.084433, -0.84681, -0.125749, -0.5006, 0.026248, -0.093175]"
"GA top-1: GA (crossover=uniform+selection=roulette, seed 1)",1000000011,6223,15601,308900,4450,688,95,28,False,2.88,"[-0.084433, -0.84681, -0.125749, -0.5006, 0.026248, -0.093175]"
"GA top-1: GA (crossover=uniform+selection=roulette, seed 1)",1000000012,12495,31277,621100,8885,1433,168,60,False,5.09,"[-0.084433, -0.84681, -0.125749, -0.5006, 0.026248, -0.093175]"
"GA top-1: GA (crossover=uniform+selection=roulette, seed 1)",1000000013,1920,4842,90920,1408,214,20,6,False,0.77,"[-0.084433, -0.84681, -0.125749, -0.5006, 0.026248, -0.093175]"
"GA top-1: GA (crossover=uniform+selection=roulette, seed 1)",1000000014,9705,24302,478040,6916,1111,133,42,False,4.23,"[-0.084433, -0.84681, -0.125749, -0.5006, 0.026248, -0.093175]"
"GA top-1: GA (crossover=uniform+selection=roulette, seed 1)",1000000015,11892,29772,597020,8443,1312,199,57,False,5.11,"[-0.084433, -0.84681, -0.125749, -0.5006, 0.026248, -0.093175]"
"GA top-1: GA (crossover=uniform+selection=roulette, seed 1)",1000000016,2962,7446,147400,2140,324,38,15,False,1.23,"[-0.084433, -0.84681, -0.125749, -0.5006, 0.026248, -0.093175]"
"GA top-1: GA (crossover=uniform+selection=roulette, seed 1)",1000000017,10488,26260,530280,7452,1146,176,54,False,4.48,"[-0.084433, -0.84681, -0.125749, -0.5006, 0.026248, -0.093175]"
"GA top-1: GA (crossover=uniform+selection=roulette, seed 1)",1000000018,3954,9927,198780,2772,447,72,18,False,1.73,"[-0.084433, -0.84681, -0.125749, -0.5006, 0.026248, -0.093175]"
"GA top-1: GA (crossover=uniform+selection=roulette, seed 1)",1000000019,21445,53653,1043260,15439,2397,296,81,False,9.02,"[-0.084433, -0.84681, -0.125749, -0.5006, 0.026248, -0.093175]"
"GA top-2: GA (mutation_rate=0.15, seed 2)",1000000000,12183,30498,547420,9628,1068,117,17,False,4.97,"[0.007459, -0.870578, -0.089531, 0.424286, -0.152235, -0.175579]"
"GA top-2: GA (mutation_rate=0.15, seed 2)",1000000001,19275,48228,867780,15232,1706,169,31,False,8.11,"[0.007459, -0.870578, -0.089531, 0.424286, -0.152235, -0.175579]"
"GA top-2: GA (mutation_rate=0.15, seed 2)",1000000002,92774,231977,4117360,73589,8351,677,113,False,39.11,"[0.007459, -0.870578, -0.089531, 0.424286, -0.152235, -0.175579]"
"GA top-2: GA (mutation_rate=0.15, seed 2)",1000000003,49760,124443,2240280,39267,4461,413,83,False,20.33,"[0.007459, -0.870578, -0.089531, 0.424286, -0.152235, -0.175579]"
"GA top-2: GA (mutation_rate=0.15, seed 2)",1000000004,26511,66320,1186720,21018,2353,209,40,False,11.27,"[0.007459, -0.870578, -0.089531, 0.424286, -0.152235, -0.175579]"
"GA top-2: GA (mutation_rate=0.15, seed 2)",1000000005,7701,19295,353520,6093,678,56,21,False,3.26,"[0.007459, -0.870578, -0.089531, 0.424286, -0.152235, -0.175579]"
"GA top-2: GA (mutation_rate=0.15, seed 2)",1000000006,2743,6899,121620,2208,234,17,4,False,1.09,"[0.007459, -0.870578, -0.089531, 0.424286, -0.152235, -0.175579]"
"GA top-2: GA (mutation_rate=0.15, seed 2)",1000000007,56867,142211,2531680,45217,5028,430,76,False,24.92,"[0.007459, -0.870578, -0.089531, 0.424286, -0.152235, -0.175579]"
"GA top-2: GA (mutation_rate=0.15, seed 2)",1000000008,33893,84775,1513360,26809,3066,252,49,False,14.76,"[0.007459, -0.870578, -0.089531, 0.424286, -0.152235, -0.175579]"
"GA top-2: GA (mutation_rate=0.15, seed 2)",1000000009,99995,250000,4452920,79423,8836,796,128,True,42.21,"[0.007459, -0.870578, -0.089531, 0.424286, -0.152235, -0.175579]"
"GA top-2: GA (mutation_rate=0.15, seed 2)",1000000010,59712,149323,2660000,47395,5299,469,78,False,24.3,"[0.007459, -0.870578, -0.089531, 0.424286, -0.152235, -0.175579]"
"GA top-2: GA (mutation_rate=0.15, seed 2)",1000000011,3811,9570,167860,3004,354,29,3,False,1.58,"[0.007459, -0.870578, -0.089531, 0.424286, -0.152235, -0.175579]"
"GA top-2: GA (mutation_rate=0.15, seed 2)",1000000012,17136,42881,756140,13646,1515,132,16,False,7.2,"[0.007459, -0.870578, -0.089531, 0.424286, -0.152235, -0.175579]"
"GA top-2: GA (mutation_rate=0.15, seed 2)",1000000013,28024,70103,1247720,22263,2477,221,36,False,11.44,"[0.007459, -0.870578, -0.089531, 0.424286, -0.152235, -0.175579]"
"GA top-2: GA (mutation_rate=0.15, seed 2)",1000000014,8418,21087,372400,6755,713,67,9,False,3.45,"[0.007459, -0.870578, -0.089531, 0.424286, -0.152235, -0.175579]"
"GA top-2: GA (mutation_rate=0.15, seed 2)",1000000015,77275,193231,3437240,61016,7053,591,95,False,32.25,"[0.007459, -0.870578, -0.089531, 0.424286, -0.152235, -0.175579]"
"GA top-2: GA (mutation_rate=0.15, seed 2)",1000000016,1161,2946,51900,895,113,12,1,False,0.48,"[0.007459, -0.870578, -0.089531, 0.424286, -0.152235, -0.175579]"
"GA top-2: GA (mutation_rate=0.15, seed 2)",1000000017,10692,26774,482320,8428,948,100,17,False,4.77,"[0.007459, -0.870578, -0.089531, 0.424286, -0.152235, -0.175579]"
"GA top-2: GA (mutation_rate=0.15, seed 2)",1000000018,52565,131455,2342140,41736,4678,395,72,False,22.38,"[0.007459, -0.870578, -0.089531, 0.424286, -0.152235, -0.175579]"
"GA top-2: GA (mutation_rate=0.15, seed 2)",1000000019,40938,102389,1824700,32425,3684,307,56,False,17.36,"[0.007459, -0.870578, -0.089531, 0.424286, -0.152235, -0.175579]"
"GA top-3: GA (selection=roulette, seed 3)",1000000000,7478,18738,336320,5983,613,75,11,False,2.99,"[-0.511333, -0.401036, -0.093573, 0.735412, -0.102386, -0.132813]"
"GA top-3: GA (selection=roulette, seed 3)",1000000001,1780,4494,80420,1438,145,12,4,False,0.67,"[-0.511333, -0.401036, -0.093573, 0.735412, -0.102386, -0.132813]"
"GA top-3: GA (selection=roulette, seed 3)",1000000002,111,320,5680,87,10,0,1,False,0.05,"[-0.511333, -0.401036, -0.093573, 0.735412, -0.102386, -0.132813]"
"GA top-3: GA (selection=roulette, seed 3)",1000000003,1004,2553,43800,830,76,6,1,False,0.38,"[-0.511333, -0.401036, -0.093573, 0.735412, -0.102386, -0.132813]"
"GA top-3: GA (selection=roulette, seed 3)",1000000004,350,918,15080,287,27,3,0,False,0.14,"[-0.511333, -0.401036, -0.093573, 0.735412, -0.102386, -0.132813]"
"GA top-3: GA (selection=roulette, seed 3)",1000000005,3923,9851,175680,3222,297,25,8,False,1.63,"[-0.511333, -0.401036, -0.093573, 0.735412, -0.102386, -0.132813]"
"GA top-3: GA (selection=roulette, seed 3)",1000000006,1645,4155,69840,1376,121,9,0,False,0.71,"[-0.511333, -0.401036, -0.093573, 0.735412, -0.102386, -0.132813]"
"GA top-3: GA (selection=roulette, seed 3)",1000000007,532,1373,25040,431,39,5,2,False,0.26,"[-0.511333, -0.401036, -0.093573, 0.735412, -0.102386, -0.132813]"
"GA top-3: GA (selection=roulette, seed 3)",1000000008,2584,6504,111800,2130,188,26,0,False,1.0,"[-0.511333, -0.401036, -0.093573, 0.735412, -0.102386, -0.132813]"
"GA top-3: GA (selection=roulette, seed 3)",1000000009,1617,4083,72100,1310,134,9,3,False,0.61,"[-0.511333, -0.401036, -0.093573, 0.735412, -0.102386, -0.132813]"
"GA top-3: GA (selection=roulette, seed 3)",1000000010,7643,19150,343220,6123,641,62,13,False,3.02,"[-0.511333, -0.401036, -0.093573, 0.735412, -0.102386, -0.132813]"
"GA top-3: GA (selection=roulette, seed 3)",1000000011,1069,2716,46800,885,78,8,1,False,0.39,"[-0.511333, -0.401036, -0.093573, 0.735412, -0.102386, -0.132813]"
"GA top-3: GA (selection=roulette, seed 3)",1000000012,775,1979,36280,612,61,11,2,False,0.36,"[-0.511333, -0.401036, -0.093573, 0.735412, -0.102386, -0.132813]"
"GA top-3: GA (selection=roulette, seed 3)",1000000013,274,728,11880,227,19,3,0,False,0.18,"[-0.511333, -0.401036, -0.093573, 0.735412, -0.102386, -0.132813]"
"GA top-3: GA (selection=roulette, seed 3)",1000000014,714,1828,31200,580,62,2,1,False,0.32,"[-0.511333, -0.401036, -0.093573, 0.735412, -0.102386, -0.132813]"
"GA top-3: GA (selection=roulette, seed 3)",1000000015,1281,3244,56560,1029,106,12,1,False,0.59,"[-0.511333, -0.401036, -0.093573, 0.735412, -0.102386, -0.132813]"
"GA top-3: GA (selection=roulette, seed 3)",1000000016,1371,3470,63740,1091,111,14,4,False,0.6,"[-0.511333, -0.401036, -0.093573, 0.735412, -0.102386, -0.132813]"
"GA top-3: GA (selection=roulette, seed 3)",1000000017,9544,23902,424240,7766,746,78,13,False,3.92,"[-0.511333, -0.401036, -0.093573, 0.735412, -0.102386, -0.132813]"
"GA top-3: GA (selection=roulette, seed 3)",1000000018,1783,4501,77680,1442,149,13,1,False,0.7,"[-0.511333, -0.401036, -0.093573, 0.735412, -0.102386, -0.132813]"
"GA top-3: GA (selection=roulette, seed 3)",1000000019,1531,3871,67560,1239,120,16,1,False,0.7,"[-0.511333, -0.401036, -0.093573, 0.735412, -0.102386, -0.132813]"
"GA (default, seed 0)",1000000000,2659,6689,117560,2199,188,24,3,False,1.11,"[-0.976186, 0.019916, -0.090816, -0.025045, -0.135827, -0.139069]"
"GA (default, seed 0)",1000000001,712,1824,31240,596,50,4,1,False,0.39,"[-0.976186, 0.019916, -0.090816, -0.025045, -0.135827, -0.139069]"
"GA (default, seed 0)",1000000002,732,1874,31980,597,54,9,0,False,0.38,"[-0.976186, 0.019916, -0.090816, -0.025045, -0.135827, -0.139069]"
"GA (default, seed 0)",1000000003,2430,6115,111060,1974,183,22,6,False,1.07,"[-0.976186, 0.019916, -0.090816, -0.025045, -0.135827, -0.139069]"
"GA (default, seed 0)",1000000004,5121,12845,224660,4224,380,39,5,False,2.11,"[-0.976186, 0.019916, -0.090816, -0.025045, -0.135827, -0.139069]"
"GA (default, seed 0)",1000000005,1068,2712,49080,867,81,9,3,False,0.43,"[-0.976186, 0.019916, -0.090816, -0.025045, -0.135827, -0.139069]"
"GA (default, seed 0)",1000000006,12161,30445,544840,9816,967,113,18,False,5.24,"[-0.976186, 0.019916, -0.090816, -0.025045, -0.135827, -0.139069]"
"GA (default, seed 0)",1000000007,780,1993,37880,617,63,7,4,False,0.31,"[-0.976186, 0.019916, -0.090816, -0.025045, -0.135827, -0.139069]"
"GA (default, seed 0)",1000000008,2221,5595,99020,1763,189,24,2,False,0.93,"[-0.976186, 0.019916, -0.090816, -0.025045, -0.135827, -0.139069]"
"GA (default, seed 0)",1000000009,2281,5744,103280,1887,164,14,6,False,0.89,"[-0.976186, 0.019916, -0.090816, -0.025045, -0.135827, -0.139069]"
"GA (default, seed 0)",1000000010,1992,5024,88440,1616,154,20,2,False,0.79,"[-0.976186, 0.019916, -0.090816, -0.025045, -0.135827, -0.139069]"
"GA (default, seed 0)",1000000011,2604,6552,117660,2084,217,22,5,False,1.08,"[-0.976186, 0.019916, -0.090816, -0.025045, -0.135827, -0.139069]"
"GA (default, seed 0)",1000000012,500,1293,24820,393,40,5,3,False,0.21,"[-0.976186, 0.019916, -0.090816, -0.025045, -0.135827, -0.139069]"
"GA (default, seed 0)",1000000013,1983,5000,94120,1628,137,15,9,False,0.86,"[-0.976186, 0.019916, -0.090816, -0.025045, -0.135827, -0.139069]"
"GA (default, seed 0)",1000000014,1841,4646,82980,1492,140,19,3,False,0.79,"[-0.976186, 0.019916, -0.090816, -0.025045, -0.135827, -0.139069]"
"GA (default, seed 0)",1000000015,641,1645,29180,507,53,8,1,False,0.31,"[-0.976186, 0.019916, -0.090816, -0.025045, -0.135827, -0.139069]"
"GA (default, seed 0)",1000000016,1018,2588,44220,858,69,6,1,False,0.43,"[-0.976186, 0.019916, -0.090816, -0.025045, -0.135827, -0.139069]"
"GA (default, seed 0)",1000000017,1166,2958,52800,945,87,13,2,False,0.59,"[-0.976186, 0.019916, -0.090816, -0.025045, -0.135827, -0.139069]"
"GA (default, seed 0)",1000000018,2816,7082,125320,2268,226,28,3,False,1.11,"[-0.976186, 0.019916, -0.090816, -0.025045, -0.135827, -0.139069]"
"GA (default, seed 0)",1000000019,1719,4339,78740,1406,120,19,4,False,0.67,"[-0.976186, 0.019916, -0.090816, -0.025045, -0.135827, -0.139069]"
"GA (default, seed 1)",1000000000,1404,3555,62780,1162,103,8,3,False,0.58,"[-0.417369, -0.825973, -0.140684, 0.253286, -0.002491, -0.244172]"
"GA (default, seed 1)",1000000001,1413,3576,59140,1196,104,3,0,False,0.68,"[-0.417369, -0.825973, -0.140684, 0.253286, -0.002491, -0.244172]"
"GA (default, seed 1)",1000000002,9235,23130,395160,7679,700,48,3,False,3.92,"[-0.417369, -0.825973, -0.140684, 0.253286, -0.002491, -0.244172]"
"GA (default, seed 1)",1000000003,1695,4278,73360,1394,125,17,0,False,0.74,"[-0.417369, -0.825973, -0.140684, 0.253286, -0.002491, -0.244172]"
"GA (default, seed 1)",1000000004,231,619,9520,203,14,0,0,False,0.11,"[-0.417369, -0.825973, -0.140684, 0.253286, -0.002491, -0.244172]"
"GA (default, seed 1)",1000000005,2566,6458,109200,2145,195,9,1,False,0.99,"[-0.417369, -0.825973, -0.140684, 0.253286, -0.002491, -0.244172]"
"GA (default, seed 1)",1000000006,759,1941,32100,630,60,3,0,False,0.3,"[-0.417369, -0.825973, -0.140684, 0.253286, -0.002491, -0.244172]"
"GA (default, seed 1)",1000000007,1112,2822,48620,918,83,8,1,False,0.42,"[-0.417369, -0.825973, -0.140684, 0.253286, -0.002491, -0.244172]"
"GA (default, seed 1)",1000000008,991,2521,43360,809,80,6,1,False,0.39,"[-0.417369, -0.825973, -0.140684, 0.253286, -0.002491, -0.244172]"
"GA (default, seed 1)",1000000009,2885,7255,129540,2401,197,22,6,False,1.18,"[-0.417369, -0.825973, -0.140684, 0.253286, -0.002491, -0.244172]"
"GA (default, seed 1)",1000000010,3133,7876,136480,2617,222,20,3,False,1.25,"[-0.417369, -0.825973, -0.140684, 0.253286, -0.002491, -0.244172]"
"GA (default, seed 1)",1000000011,370,968,16560,324,18,2,1,False,0.16,"[-0.417369, -0.825973, -0.140684, 0.253286, -0.002491, -0.244172]"
"GA (default, seed 1)",1000000012,557,1437,23140,486,34,1,0,False,0.25,"[-0.417369, -0.825973, -0.140684, 0.253286, -0.002491, -0.244172]"
"GA (default, seed 1)",1000000013,2018,5088,88420,1688,137,16,2,False,0.88,"[-0.417369, -0.825973, -0.140684, 0.253286, -0.002491, -0.244172]"
"GA (default, seed 1)",1000000014,5505,13805,237580,4562,416,33,3,False,2.53,"[-0.417369, -0.825973, -0.140684, 0.253286, -0.002491, -0.244172]"
"GA (default, seed 1)",1000000015,978,2488,43160,819,71,3,2,False,0.37,"[-0.417369, -0.825973, -0.140684, 0.253286, -0.002491, -0.244172]"
"GA (default, seed 1)",1000000016,1256,3182,53160,1054,92,6,0,False,0.55,"[-0.417369, -0.825973, -0.140684, 0.253286, -0.002491, -0.244172]"
"GA (default, seed 1)",1000000017,3215,8080,139680,2662,245,17,3,False,1.32,"[-0.417369, -0.825973, -0.140684, 0.253286, -0.002491, -0.244172]"
"GA (default, seed 1)",1000000018,554,1427,23640,481,29,5,0,False,0.27,"[-0.417369, -0.825973, -0.140684, 0.253286, -0.002491, -0.244172]"
"GA (default, seed 1)",1000000019,1950,4919,84620,1638,137,10,2,False,0.83,"[-0.417369, -0.825973, -0.140684, 0.253286, -0.002491, -0.244172]"
"GA (default, seed 2)",1000000000,394,1028,16540,346,21,2,0,False,0.16,"[-0.396208, -0.69605, -0.09684, 0.531565, -0.170463, -0.193746]"
"GA (default, seed 2)",1000000001,1252,3171,52760,1044,98,4,0,False,0.53,"[-0.396208, -0.69605, -0.09684, 0.531565, -0.170463, -0.193746]"
"GA (default, seed 2)",1000000002,904,2302,38760,774,60,2,1,False,0.41,"[-0.396208, -0.69605, -0.09684, 0.531565, -0.170463, -0.193746]"
"GA (default, seed 2)",1000000003,2149,5415,92700,1790,148,21,0,False,0.84,"[-0.396208, -0.69605, -0.09684, 0.531565, -0.170463, -0.193746]"
"GA (default, seed 2)",1000000004,3257,8185,146660,2704,232,19,8,False,1.46,"[-0.396208, -0.69605, -0.09684, 0.531565, -0.170463, -0.193746]"
"GA (default, seed 2)",1000000005,2315,5830,100320,1913,172,18,1,False,0.97,"[-0.396208, -0.69605, -0.09684, 0.531565, -0.170463, -0.193746]"
"GA (default, seed 2)",1000000006,2666,6708,116460,2209,200,15,3,False,1.11,"[-0.396208, -0.69605, -0.09684, 0.531565, -0.170463, -0.193746]"
"GA (default, seed 2)",1000000007,1949,4915,83540,1616,144,15,0,False,0.79,"[-0.396208, -0.69605, -0.09684, 0.531565, -0.170463, -0.193746]"
"GA (default, seed 2)",1000000008,5563,13950,239860,4539,457,34,2,False,2.25,"[-0.396208, -0.69605, -0.09684, 0.531565, -0.170463, -0.193746]"
"GA (default, seed 2)",1000000009,1847,4660,80220,1508,148,13,1,False,0.79,"[-0.396208, -0.69605, -0.09684, 0.531565, -0.170463, -0.193746]"
"GA (default, seed 2)",1000000010,332,873,13840,291,19,1,0,False,0.14,"[-0.396208, -0.69605, -0.09684, 0.531565, -0.170463, -0.193746]"
"GA (default, seed 2)",1000000011,428,1113,17960,359,33,1,0,False,0.17,"[-0.396208, -0.69605, -0.09684, 0.531565, -0.170463, -0.193746]"
"GA (default, seed 2)",1000000012,4085,10256,175300,3370,318,25,1,False,1.69,"[-0.396208, -0.69605, -0.09684, 0.531565, -0.170463, -0.193746]"
"GA (default, seed 2)",1000000013,979,2490,44260,829,63,4,3,False,0.42,"[-0.396208, -0.69605, -0.09684, 0.531565, -0.170463, -0.193746]"
"GA (default, seed 2)",1000000014,546,1408,23860,459,40,1,1,False,0.2,"[-0.396208, -0.69605, -0.09684, 0.531565, -0.170463, -0.193746]"
"GA (default, seed 2)",1000000015,494,1277,22260,404,37,4,1,False,0.19,"[-0.396208, -0.69605, -0.09684, 0.531565, -0.170463, -0.193746]"
"GA (default, seed 2)",1000000016,1756,4433,78540,1441,122,21,2,False,0.72,"[-0.396208, -0.69605, -0.09684, 0.531565, -0.170463, -0.193746]"
"GA (default, seed 2)",1000000017,4369,10965,189740,3636,314,31,3,False,1.76,"[-0.396208, -0.69605, -0.09684, 0.531565, -0.170463, -0.193746]"
"GA (default, seed 2)",1000000018,1544,3903,67880,1267,121,9,2,False,0.61,"[-0.396208, -0.69605, -0.09684, 0.531565, -0.170463, -0.193746]"
"GA (default, seed 2)",1000000019,367,958,16840,296,29,3,1,False,0.14,"[-0.396208, -0.69605, -0.09684, 0.531565, -0.170463, -0.193746]"
"GA (default, seed 3)",1000000000,177,487,7560,144,15,1,0,False,0.07,"[-0.946013, -0.199567, -0.181184, -0.134334, 0.114934, -0.033896]"
"GA (default, seed 3)",1000000001,721,1846,33200,590,51,7,2,False,0.26,"[-0.946013, -0.199567, -0.181184, -0.134334, 0.114934, -0.033896]"
"GA (default, seed 3)",1000000002,947,2408,41060,789,71,4,1,False,0.39,"[-0.946013, -0.199567, -0.181184, -0.134334, 0.114934, -0.033896]"
"GA (default, seed 3)",1000000003,1779,4489,81820,1433,149,8,6,False,0.72,"[-0.946013, -0.199567, -0.181184, -0.134334, 0.114934, -0.033896]"
"GA (default, seed 3)",1000000004,1299,3288,57740,1016,120,13,1,False,0.54,"[-0.946013, -0.199567, -0.181184, -0.134334, 0.114934, -0.033896]"
"GA (default, seed 3)",1000000005,1953,4924,89960,1539,170,18,5,False,0.75,"[-0.946013, -0.199567, -0.181184, -0.134334, 0.114934, -0.033896]"
"GA (default, seed 3)",1000000006,860,2194,41180,717,50,9,4,False,0.32,"[-0.946013, -0.199567, -0.181184, -0.134334, 0.114934, -0.033896]"
"GA (default, seed 3)",1000000007,1862,4698,84160,1489,159,13,4,False,0.69,"[-0.946013, -0.199567, -0.181184, -0.134334, 0.114934, -0.033896]"
"GA (default, seed 3)",1000000008,154,428,6320,138,8,0,0,False,0.06,"[-0.946013, -0.199567, -0.181184, -0.134334, 0.114934, -0.033896]"
"GA (default, seed 3)",1000000009,264,700,12080,202,22,6,0,False,0.11,"[-0.946013, -0.199567, -0.181184, -0.134334, 0.114934, -0.033896]"
"GA (default, seed 3)",1000000010,2338,5888,112820,1813,202,27,10,False,0.89,"[-0.946013, -0.199567, -0.181184, -0.134334, 0.114934, -0.033896]"
"GA (default, seed 3)",1000000011,3576,8980,163560,2914,272,26,10,False,1.46,"[-0.946013, -0.199567, -0.181184, -0.134334, 0.114934, -0.033896]"
"GA (default, seed 3)",1000000012,1481,3745,64240,1216,117,9,1,False,0.59,"[-0.946013, -0.199567, -0.181184, -0.134334, 0.114934, -0.033896]"
"GA (default, seed 3)",1000000013,265,705,12460,224,14,3,1,False,0.1,"[-0.946013, -0.199567, -0.181184, -0.134334, 0.114934, -0.033896]"
"GA (default, seed 3)",1000000014,3849,9662,170180,3162,290,29,5,False,1.66,"[-0.946013, -0.199567, -0.181184, -0.134334, 0.114934, -0.033896]"
"GA (default, seed 3)",1000000015,1029,2612,48060,804,90,11,3,False,0.46,"[-0.946013, -0.199567, -0.181184, -0.134334, 0.114934, -0.033896]"
"GA (default, seed 3)",1000000016,274,728,11920,208,30,2,0,False,0.13,"[-0.946013, -0.199567, -0.181184, -0.134334, 0.114934, -0.033896]"
"GA (default, seed 3)",1000000017,1174,2974,51180,932,103,12,0,False,0.58,"[-0.946013, -0.199567, -0.181184, -0.134334, 0.114934, -0.033896]"
"GA (default, seed 3)",1000000018,39,139,1660,29,5,0,0,False,0.02,"[-0.946013, -0.199567, -0.181184, -0.134334, 0.114934, -0.033896]"
"GA (default, seed 3)",1000000019,405,1056,17960,319,34,6,0,False,0.17,"[-0.946013, -0.199567, -0.181184, -0.134334, 0.114934, -0.033896]"
"GA (default, seed 4)",1000000000,2718,6839,126020,2178,215,26,8,False,1.15,"[-0.695456, -0.616179, -0.201674, -0.304057, -0.021232, -0.055595]"
"GA (default, seed 4)",1000000001,2136,5383,100080,1707,159,29,6,False,0.95,"[-0.695456, -0.616179, -0.201674, -0.304057, -0.021232, -0.055595]"
"GA (default, seed 4)",1000000002,1578,3986,70520,1278,122,16,2,False,0.73,"[-0.695456, -0.616179, -0.201674, -0.304057, -0.021232, -0.055595]"
"GA (default, seed 4)",1000000003,869,2214,39740,696,62,15,1,False,0.37,"[-0.695456, -0.616179, -0.201674, -0.304057, -0.021232, -0.055595]"
"GA (default, seed 4)",1000000004,499,1289,22420,413,35,4,1,False,0.22,"[-0.695456, -0.616179, -0.201674, -0.304057, -0.021232, -0.055595]"
"GA (default, seed 4)",1000000005,3415,8580,154780,2777,257,32,7,False,1.42,"[-0.695456, -0.616179, -0.201674, -0.304057, -0.021232, -0.055595]"
"GA (default, seed 4)",1000000006,1326,3355,59400,1095,99,7,3,False,0.59,"[-0.695456, -0.616179, -0.201674, -0.304057, -0.021232, -0.055595]"
"GA (default, seed 4)",1000000007,781,1994,35480,637,52,12,1,False,0.32,"[-0.695456, -0.616179, -0.201674, -0.304057, -0.021232, -0.055595]"
"GA (default, seed 4)",1000000008,595,1530,26220,473,49,8,0,False,0.24,"[-0.695456, -0.616179, -0.201674, -0.304057, -0.021232, -0.055595]"
"GA (default, seed 4)",1000000009,1251,3168,57380,997,103,12,3,False,0.49,"[-0.695456, -0.616179, -0.201674, -0.304057, -0.021232, -0.055595]"
"GA (default, seed 4)",1000000010,1034,2626,45600,815,97,7,1,False,0.45,"[-0.695456, -0.616179, -0.201674, -0.304057, -0.021232, -0.055595]"
"GA (default, seed 4)",1000000011,437,1133,18400,360,37,1,0,False,0.17,"[-0.695456, -0.616179, -0.201674, -0.304057, -0.021232, -0.055595]"
"GA (default, seed 4)",1000000012,6051,15170,273200,4875,482,56,11,False,2.7,"[-0.695456, -0.616179, -0.201674, -0.304057, -0.021232, -0.055595]"
"GA (default, seed 4)",1000000013,342,896,15940,276,25,4,1,False,0.13,"[-0.695456, -0.616179, -0.201674, -0.304057, -0.021232, -0.055595]"
"GA (default, seed 4)",1000000014,383,999,16620,313,29,4,0,False,0.15,"[-0.695456, -0.616179, -0.201674, -0.304057, -0.021232, -0.055595]"
"GA (default, seed 4)",1000000015,454,1178,19400,375,35,3,0,False,0.17,"[-0.695456, -0.616179, -0.201674, -0.304057, -0.021232, -0.055595]"
"GA (default, seed 4)",1000000016,784,2002,32980,652,63,2,0,False,0.33,"[-0.695456, -0.616179, -0.201674, -0.304057, -0.021232, -0.055595]"
"GA (default, seed 4)",1000000017,393,1025,18660,329,25,2,2,False,0.17,"[-0.695456, -0.616179, -0.201674, -0.304057, -0.021232, -0.055595]"
"GA (default, seed 4)",1000000018,1430,3615,62180,1182,107,10,1,False,0.6,"[-0.695456, -0.616179, -0.201674, -0.304057, -0.021232, -0.055595]"
"GA (default, seed 4)",1000000019,385,1006,16820,303,35,4,0,False,0.21,"[-0.695456, -0.616179, -0.201674, -0.304057, -0.021232, -0.055595]"
"GA (default, seed 5)",1000000000,1960,4942,87560,1624,142,12,4,False,0.83,"[-0.926635, -0.212873, -0.150451, 0.251384, -0.047103, -0.089358]"
"GA (default, seed 5)",1000000001,420,1093,20120,323,33,9,1,False,0.19,"[-0.926635, -0.212873, -0.150451, 0.251384, -0.047103, -0.089358]"
"GA (default, seed 5)",1000000002,2278,5737,106380,1817,172,31,6,False,0.88,"[-0.926635, -0.212873, -0.150451, 0.251384, -0.047103, -0.089358]"
"GA (default, seed 5)",1000000003,1457,3684,64840,1186,105,19,1,False,0.63,"[-0.926635, -0.212873, -0.150451, 0.251384, -0.047103, -0.089358]"
"GA (default, seed 5)",1000000004,3036,7629,139540,2401,264,25,8,False,1.18,"[-0.926635, -0.212873, -0.150451, 0.251384, -0.047103, -0.089358]"
"GA (default, seed 5)",1000000005,415,1081,20760,329,34,2,3,False,0.15,"[-0.926635, -0.212873, -0.150451, 0.251384, -0.047103, -0.089358]"
"GA (default, seed 5)",1000000006,346,905,14940,296,19,4,0,False,0.15,"[-0.926635, -0.212873, -0.150451, 0.251384, -0.047103, -0.089358]"
"GA (default, seed 5)",1000000007,928,2364,43800,750,72,6,4,False,0.41,"[-0.926635, -0.212873, -0.150451, 0.251384, -0.047103, -0.089358]"
"GA (default, seed 5)",1000000008,258,689,10880,232,10,2,0,False,0.1,"[-0.926635, -0.212873, -0.150451, 0.251384, -0.047103, -0.089358]"
"GA (default, seed 5)",1000000009,2586,6508,116740,2086,207,22,5,False,1.06,"[-0.926635, -0.212873, -0.150451, 0.251384, -0.047103, -0.089358]"
"GA (default, seed 5)",1000000010,3212,8074,145400,2520,278,40,4,False,1.29,"[-0.926635, -0.212873, -0.150451, 0.251384, -0.047103, -0.089358]"
"GA (default, seed 5)",1000000011,485,1251,22460,409,31,2,2,False,0.2,"[-0.926635, -0.212873, -0.150451, 0.251384, -0.047103, -0.089358]"
"GA (default, seed 5)",1000000012,944,2403,41780,762,77,8,1,False,0.44,"[-0.926635, -0.212873, -0.150451, 0.251384, -0.047103, -0.089358]"
"GA (default, seed 5)",1000000013,333,875,15940,286,18,1,2,False,0.16,"[-0.926635, -0.212873, -0.150451, 0.251384, -0.047103, -0.089358]"
"GA (default, seed 5)",1000000014,597,1535,25540,506,38,5,0,False,0.28,"[-0.926635, -0.212873, -0.150451, 0.251384, -0.047103, -0.089358]"
"GA (default, seed 5)",1000000015,964,2452,45080,752,78,16,2,False,0.44,"[-0.926635, -0.212873, -0.150451, 0.251384, -0.047103, -0.089358]"
"GA (default, seed 5)",1000000016,766,1958,36300,620,55,8,3,False,0.32,"[-0.926635, -0.212873, -0.150451, 0.251384, -0.047103, -0.089358]"
"GA (default, seed 5)",1000000017,813,2076,38440,641,68,8,3,False,0.37,"[-0.926635, -0.212873, -0.150451, 0.251384, -0.047103, -0.089358]"
"GA (default, seed 5)",1000000018,977,2486,48240,771,72,14,5,False,0.47,"[-0.926635, -0.212873, -0.150451, 0.251384, -0.047103, -0.089358]"
"GA (default, seed 5)",1000000019,521,1344,23580,422,40,5,1,False,0.21,"[-0.926635, -0.212873, -0.150451, 0.251384, -0.047103, -0.089358]"
"GA (default, seed 6)",1000000000,2012,5073,87360,1664,148,16,1,False,0.83,"[-0.946422, -0.166215, -0.16757, 0.077935, -0.182858, -0.095218]"
"GA (default, seed 6)",1000000001,422,1097,18180,352,29,4,0,False,0.23,"[-0.946422, -0.166215, -0.16757, 0.077935, -0.182858, -0.095218]"
"GA (default, seed 6)",1000000002,1656,4184,73540,1366,117,16,2,False,0.69,"[-0.946422, -0.166215, -0.16757, 0.077935, -0.182858, -0.095218]"
"GA (default, seed 6)",1000000003,935,2381,40800,770,73,5,1,False,0.35,"[-0.946422, -0.166215, -0.16757, 0.077935, -0.182858, -0.095218]"
"GA (default, seed 6)",1000000004,3314,8328,145500,2740,239,28,3,False,1.59,"[-0.946422, -0.166215, -0.16757, 0.077935, -0.182858, -0.095218]"
"GA (default, seed 6)",1000000005,906,2308,39700,755,56,13,0,False,0.33,"[-0.946422, -0.166215, -0.16757, 0.077935, -0.182858, -0.095218]"
"GA (default, seed 6)",1000000006,1314,3328,58960,1109,83,9,3,False,0.53,"[-0.946422, -0.166215, -0.16757, 0.077935, -0.182858, -0.095218]"
"GA (default, seed 6)",1000000007,1003,2552,44380,837,73,4,2,False,0.41,"[-0.946422, -0.166215, -0.16757, 0.077935, -0.182858, -0.095218]"
"GA (default, seed 6)",1000000008,547,1410,24960,444,39,7,1,False,0.21,"[-0.946422, -0.166215, -0.16757, 0.077935, -0.182858, -0.095218]"
"GA (default, seed 6)",1000000009,1547,3909,67820,1278,110,15,1,False,0.64,"[-0.946422, -0.166215, -0.16757, 0.077935, -0.182858, -0.095218]"
"GA (default, seed 6)",1000000010,601,1546,27080,487,46,6,1,False,0.25,"[-0.946422, -0.166215, -0.16757, 0.077935, -0.182858, -0.095218]"
"GA (default, seed 6)",1000000011,2731,6871,119760,2249,208,18,3,False,1.08,"[-0.946422, -0.166215, -0.16757, 0.077935, -0.182858, -0.095218]"
"GA (default, seed 6)",1000000012,369,963,16520,308,27,1,1,False,0.14,"[-0.946422, -0.166215, -0.16757, 0.077935, -0.182858, -0.095218]"
"GA (default, seed 6)",1000000013,125,354,5280,112,5,1,0,False,0.05,"[-0.946422, -0.166215, -0.16757, 0.077935, -0.182858, -0.095218]"
"GA (default, seed 6)",1000000014,1220,3093,53360,1024,88,4,2,False,0.52,"[-0.946422, -0.166215, -0.16757, 0.077935, -0.182858, -0.095218]"
"GA (default, seed 6)",1000000015,2382,5998,106280,1927,187,23,3,False,1.01,"[-0.946422, -0.166215, -0.16757, 0.077935, -0.182858, -0.095218]"
"GA (default, seed 6)",1000000016,7127,17859,314100,5860,542,49,9,False,2.84,"[-0.946422, -0.166215, -0.16757, 0.077935, -0.182858, -0.095218]"
"GA (default, seed 6)",1000000017,183,500,7640,151,16,0,0,False,0.08,"[-0.946422, -0.166215, -0.16757, 0.077935, -0.182858, -0.095218]"
"GA (default, seed 6)",1000000018,259,689,10740,221,19,0,0,False,0.12,"[-0.946422, -0.166215, -0.16757, 0.077935, -0.182858, -0.095218]"
"GA (default, seed 6)",1000000019,2669,6714,120840,2241,180,12,8,False,1.12,"[-0.946422, -0.166215, -0.16757, 0.077935, -0.182858, -0.095218]"
"GA (default, seed 7)",1000000000,829,2116,36580,692,56,7,1,False,0.34,"[-0.852612, -0.189073, -0.067402, 0.021207, -0.394282, -0.277225]"
"GA (default, seed 7)",1000000001,2218,5588,95060,1864,157,12,1,False,0.83,"[-0.852612, -0.189073, -0.067402, 0.021207, -0.394282, -0.277225]"
"GA (default, seed 7)",1000000002,1010,2567,43880,852,68,6,1,False,0.36,"[-0.852612, -0.189073, -0.067402, 0.021207, -0.394282, -0.277225]"
"GA (default, seed 7)",1000000003,416,1084,18740,351,26,3,1,False,0.15,"[-0.852612, -0.189073, -0.067402, 0.021207, -0.394282, -0.277225]"
"GA (default, seed 7)",1000000004,360,942,16160,314,18,2,1,False,0.13,"[-0.852612, -0.189073, -0.067402, 0.021207, -0.394282, -0.277225]"
"GA (default, seed 7)",1000000005,1113,2825,46900,950,74,5,0,False,0.52,"[-0.852612, -0.189073, -0.067402, 0.021207, -0.394282, -0.277225]"
"GA (default, seed 7)",1000000006,3555,8931,154220,3023,231,18,4,False,1.34,"[-0.852612, -0.189073, -0.067402, 0.021207, -0.394282, -0.277225]"
"GA (default, seed 7)",1000000007,674,1728,28600,570,46,4,0,False,0.27,"[-0.852612, -0.189073, -0.067402, 0.021207, -0.394282, -0.277225]"
"GA (default, seed 7)",1000000008,776,1983,32320,663,55,1,0,False,0.32,"[-0.852612, -0.189073, -0.067402, 0.021207, -0.394282, -0.277225]"
"GA (default, seed 7)",1000000009,173,476,7340,146,12,1,0,False,0.07,"[-0.852612, -0.189073, -0.067402, 0.021207, -0.394282, -0.277225]"
"GA (default, seed 7)",1000000010,337,885,14000,285,26,0,0,False,0.14,"[-0.852612, -0.189073, -0.067402, 0.021207, -0.394282, -0.277225]"
"GA (default, seed 7)",1000000011,219,591,9260,184,16,1,0,False,0.09,"[-0.852612, -0.189073, -0.067402, 0.021207, -0.394282, -0.277225]"
"GA (default, seed 7)",1000000012,397,1036,17180,327,29,4,0,False,0.17,"[-0.852612, -0.189073, -0.067402, 0.021207, -0.394282, -0.277225]"
"GA (default, seed 7)",1000000013,1091,2771,47500,910,78,7,1,False,0.46,"[-0.852612, -0.189073, -0.067402, 0.021207, -0.394282, -0.277225]"
"GA (default, seed 7)",1000000014,1632,4122,71880,1337,127,11,2,False,0.73,"[-0.852612, -0.189073, -0.067402, 0.021207, -0.394282, -0.277225]"
"GA (default, seed 7)",1000000015,647,1661,27700,525,55,4,0,False,0.24,"[-0.852612, -0.189073, -0.067402, 0.021207, -0.394282, -0.277225]"
"GA (default, seed 7)",1000000016,1190,3017,51120,973,95,9,0,False,0.52,"[-0.852612, -0.189073, -0.067402, 0.021207, -0.394282, -0.277225]"
"GA (default, seed 7)",1000000017,499,1291,21240,416,37,3,0,False,0.21,"[-0.852612, -0.189073, -0.067402, 0.021207, -0.394282, -0.277225]"
"GA (default, seed 7)",1000000018,275,730,12780,227,19,2,1,False,0.12,"[-0.852612, -0.189073, -0.067402, 0.021207, -0.394282, -0.277225]"
"GA (default, seed 7)",1000000019,707,1810,30720,593,52,2,1,False,0.3,"[-0.852612, -0.189073, -0.067402, 0.021207, -0.394282, -0.277225]"
"GA (default, seed 8)",1000000000,3361,8444,149140,2741,257,30,4,False,1.27,"[-0.286506, -0.906471, -0.097675, 0.037566, -0.204189, -0.208758]"
"GA (default, seed 8)",1000000001,1254,3176,55560,1039,83,15,1,False,0.53,"[-0.286506, -0.906471, -0.097675, 0.037566, -0.204189, -0.208758]"
"GA (default, seed 8)",1000000002,1132,2872,49540,911,98,7,1,False,0.43,"[-0.286506, -0.906471, -0.097675, 0.037566, -0.204189, -0.208758]"
"GA (default, seed 8)",1000000003,1093,2776,48400,905,74,12,1,False,0.55,"[-0.286506, -0.906471, -0.097675, 0.037566, -0.204189, -0.208758]"
"GA (default, seed 8)",1000000004,535,1381,24380,452,36,1,2,False,0.22,"[-0.286506, -0.906471, -0.097675, 0.037566, -0.204189, -0.208758]"
"GA (default, seed 8)",1000000005,1940,4893,87000,1595,145,13,4,False,0.83,"[-0.286506, -0.906471, -0.097675, 0.037566, -0.204189, -0.208758]"
"GA (default, seed 8)",1000000006,1473,3725,64020,1228,104,11,1,False,0.69,"[-0.286506, -0.906471, -0.097675, 0.037566, -0.204189, -0.208758]"
"GA (default, seed 8)",1000000007,6044,15153,267400,4940,470,44,8,False,2.42,"[-0.286506, -0.906471, -0.097675, 0.037566, -0.204189, -0.208758]"
"GA (default, seed 8)",1000000008,2563,6450,112080,2107,194,20,2,False,1.09,"[-0.286506, -0.906471, -0.097675, 0.037566, -0.204189, -0.208758]"
"GA (default, seed 8)",1000000009,1920,4844,83000,1610,132,14,1,False,0.83,"[-0.286506, -0.906471, -0.097675, 0.037566, -0.204189, -0.208758]"
"GA (default, seed 8)",1000000010,450,1168,19840,356,38,6,0,False,0.19,"[-0.286506, -0.906471, -0.097675, 0.037566, -0.204189, -0.208758]"
"GA (default, seed 8)",1000000011,424,1103,17920,358,30,2,0,False,0.17,"[-0.286506, -0.906471, -0.097675, 0.037566, -0.204189, -0.208758]"
"GA (default, seed 8)",1000000012,7798,19538,338140,6421,612,43,6,False,3.25,"[-0.286506, -0.906471, -0.097675, 0.037566, -0.204189, -0.208758]"
"GA (default, seed 8)",1000000013,5728,14363,248800,4760,416,40,4,False,2.34,"[-0.286506, -0.906471, -0.097675, 0.037566, -0.204189, -0.208758]"
"GA (default, seed 8)",1000000014,1131,2871,48580,917,95,8,0,False,0.47,"[-0.286506, -0.906471, -0.097675, 0.037566, -0.204189, -0.208758]"
"GA (default, seed 8)",1000000015,921,2346,40160,764,69,5,1,False,0.37,"[-0.286506, -0.906471, -0.097675, 0.037566, -0.204189, -0.208758]"
"GA (default, seed 8)",1000000016,1133,2876,52700,930,80,9,4,False,0.48,"[-0.286506, -0.906471, -0.097675, 0.037566, -0.204189, -0.208758]"
"GA (default, seed 8)",1000000017,7377,18485,324680,6002,585,59,7,False,3.09,"[-0.286506, -0.906471, -0.097675, 0.037566, -0.204189, -0.208758]"
"GA (default, seed 8)",1000000018,707,1810,30860,579,59,2,1,False,0.31,"[-0.286506, -0.906471, -0.097675, 0.037566, -0.204189, -0.208758]"
"GA (default, seed 8)",1000000019,1267,3210,55940,1061,87,8,2,False,0.54,"[-0.286506, -0.906471, -0.097675, 0.037566, -0.204189, -0.208758]"
"GA (default, seed 9)",1000000000,1098,2787,47900,890,93,6,1,False,0.47,"[-0.838001, -0.428994, -0.181101, -0.224136, -0.044711, -0.169369]"
"GA (default, seed 9)",1000000001,1494,3778,63580,1262,101,10,0,False,0.74,"[-0.838001, -0.428994, -0.181101, -0.224136, -0.044711, -0.169369]"
"GA (default, seed 9)",1000000002,14808,37062,647420,12298,1051,120,12,False,5.94,"[-0.838001, -0.428994, -0.181101, -0.224136, -0.044711, -0.169369]"
"GA (default, seed 9)",1000000003,5339,13392,233160,4489,362,34,6,False,2.1,"[-0.838001, -0.428994, -0.181101, -0.224136, -0.044711, -0.169369]"
"GA (default, seed 9)",1000000004,1854,4678,80060,1544,135,12,1,False,0.74,"[-0.838001, -0.428994, -0.181101, -0.224136, -0.044711, -0.169369]"
"GA (default, seed 9)",1000000005,1494,3777,66300,1235,106,13,2,False,0.58,"[-0.838001, -0.428994, -0.181101, -0.224136, -0.044711, -0.169369]"
"GA (default, seed 9)",1000000006,2440,6144,107040,2051,163,17,3,False,0.99,"[-0.838001, -0.428994, -0.181101, -0.224136, -0.044711, -0.169369]"
"GA (default, seed 9)",1000000007,632,1623,26920,513,55,3,0,False,0.25,"[-0.838001, -0.428994, -0.181101, -0.224136, -0.044711, -0.169369]"
"GA (default, seed 9)",1000000008,3242,8148,143100,2695,218,33,3,False,1.25,"[-0.838001, -0.428994, -0.181101, -0.224136, -0.044711, -0.169369]"
"GA (default, seed 9)",1000000009,2216,5584,98100,1850,157,12,4,False,0.88,"[-0.838001, -0.428994, -0.181101, -0.224136, -0.044711, -0.169369]"
"GA (default, seed 9)",1000000010,1023,2599,47540,826,76,11,3,False,0.45,"[-0.838001, -0.428994, -0.181101, -0.224136, -0.044711, -0.169369]"
"GA (default, seed 9)",1000000011,217,585,10100,175,19,0,1,False,0.12,"[-0.838001, -0.428994, -0.181101, -0.224136, -0.044711, -0.169369]"
"GA (default, seed 9)",1000000012,2759,6942,119380,2287,201,22,1,False,1.04,"[-0.838001, -0.428994, -0.181101, -0.224136, -0.044711, -0.169369]"
"GA (default, seed 9)",1000000013,6575,16481,290300,5440,472,53,8,False,2.67,"[-0.838001, -0.428994, -0.181101, -0.224136, -0.044711, -0.169369]"
"GA (default, seed 9)",1000000014,162,447,7000,140,8,2,0,False,0.06,"[-0.838001, -0.428994, -0.181101, -0.224136, -0.044711, -0.169369]"
"GA (default, seed 9)",1000000015,155,430,6440,131,12,0,0,False,0.06,"[-0.838001, -0.428994, -0.181101, -0.224136, -0.044711, -0.169369]"
"GA (default, seed 9)",1000000016,8427,21111,370080,6912,651,59,9,False,3.43,"[-0.838001, -0.428994, -0.181101, -0.224136, -0.044711, -0.169369]"
"GA (default, seed 9)",1000000017,4279,10739,187580,3627,275,26,6,False,1.75,"[-0.838001, -0.428994, -0.181101, -0.224136, -0.044711, -0.169369]"
"GA (default, seed 9)",1000000018,932,2373,40520,758,72,10,0,False,0.37,"[-0.838001, -0.428994, -0.181101, -0.224136, -0.044711, -0.169369]"
"GA (default, seed 9)",1000000019,1398,3538,60840,1141,113,9,1,False,0.65,"[-0.838001, -0.428994, -0.181101, -0.224136, -0.044711, -0.169369]"
