generation,best_fitness,mean_fitness,median_fitness,std_fitness,best_validation,champion_validation,diversity,elapsed_sec,w0,w1,w2,w3,w4,w5
0,33.0,3.413333333333333,0.0,6.9568703052769685,52.0,52.0,0.9963682056735002,0.45,-0.5034197719131556,-0.0578020526815223,-0.21562790121657285,0.8281560128549507,0.05627040883702938,-0.08788244210961116
1,47.0,8.586666666666666,3.333333333333333,11.270918329932126,71.5,71.5,0.9236183408452842,1.14,-0.4801137467074032,-0.30575552616900253,-0.20564531892402863,0.7898161899343236,0.05366534713730728,-0.08381388833953198
2,91.33333333333333,19.560000000000002,11.5,21.57544283052687,83.8,83.8,0.761735379152125,2.23,-0.32159149652720553,-0.6996701429011946,-0.28052544361733167,0.5290374879792588,0.03594631358900958,-0.2171940948305678
3,188.33333333333334,35.66666666666667,31.833333333333336,30.282961839585273,100.4,100.4,0.6254989924192889,3.92,-0.7901633363264186,-0.3062267028951167,-0.22409723792255842,-0.4661975088003116,0.0772364807804049,-0.09133424954534283
4,172.33333333333334,51.35333333333334,35.33333333333333,38.75102349902803,116.7,116.7,0.533437057904023,6.2,-0.6009552986576251,-0.6647322442918144,-0.247903812404058,0.34353855664435773,0.08544156197387787,-0.1010369823173749
5,178.33333333333334,59.02,49.0,41.27180420362335,157.6,157.6,0.46477270663322234,8.81,-0.6829694102140085,-0.5420692316727842,-0.1936961022845181,-0.40295293769117313,0.03690412094395839,-0.196118761491092
6,295.0,84.84,66.83333333333334,59.11627863795216,163.4,163.4,0.4357200704743971,12.06,-0.5940709314600929,-0.5455159199750025,-0.14231557188949462,0.5465874124740469,0.03713877178656141,-0.1705910302473209
7,224.0,105.07333333333334,102.16666666666667,48.856264922957656,185.6,185.6,0.3842330933107963,15.86,-0.7645752021822961,-0.3272899050285277,-0.14312035827579034,-0.49826398853286713,-0.10061946374050025,-0.17155571272685877
8,226.0,92.75333333333334,77.66666666666667,50.26466883739844,178.8,185.6,0.3212451158727376,18.93,-0.7037533742933173,-0.5663095954727144,-0.21119828160021534,0.354363352517431,0.07598227818342396,-0.0898511206946283
9,205.0,126.69333333333334,119.66666666666666,38.85173183613141,148.0,185.6,0.2485572466853509,22.87,-0.6921811805718596,-0.6308997720701308,-0.14058060850565027,0.2977579230793923,0.08135170865960013,-0.08837365058542647
10,247.0,118.61333333333334,100.33333333333333,58.4599144713709,162.5,185.6,0.23777554056573827,27.1,-0.6834824524505256,-0.5978032054168264,-0.16962872530741321,0.3555148469633772,0.07789602433971822,-0.1193757233144049
11,236.0,131.76,125.66666666666666,46.32047975188129,187.4,187.4,0.14399632000433982,31.38,-0.6551257895417253,-0.553157309125614,-0.1698125541820477,0.4583624867685481,0.07421762385306734,-0.14278117072417987
12,376.3333333333333,122.57333333333334,114.33333333333333,65.76003649634023,144.5,187.4,0.1489346108802366,35.37,-0.6062405273368301,-0.5559321936498592,-0.13927965172274165,0.5382357574415547,0.02584913447672743,-0.11682075736841072
13,292.6666666666667,144.97333333333333,132.0,59.45679439727641,162.4,187.4,0.14365614263805376,40.02,-0.7716427221060731,-0.45172039644016104,-0.13648403656084773,0.38854790888322854,-0.061892239109076465,-0.16458485308577409
14,291.6666666666667,165.91333333333336,169.83333333333331,66.25861151578714,185.8,187.4,0.16763448509756074,45.58,-0.7787953494831984,-0.4559075514301872,-0.13774915502627078,0.39214949590113984,-0.06246594000872975,-0.09469982927719676
15,334.0,175.38666666666666,175.16666666666666,66.66534532023866,142.5,187.4,0.1497051795979385,51.7,-0.5793479843978406,-0.5994382583964614,-0.16549987363902097,0.5143598739174325,0.024702479102325384,-0.11163864384740262
16,353.6666666666667,147.16666666666666,146.66666666666669,65.3864494966486,175.4,187.4,0.13334692379783059,56.8,-0.7321371465556358,-0.4688611777681765,-0.1782562580695908,0.42871889899589294,0.026606494573084536,-0.1669170487533234
17,285.6666666666667,139.93333333333334,133.33333333333331,56.63096914822019,186.4,187.4,0.13406422882046665,61.77,-0.6883621960352972,-0.5627749306886876,-0.16759820183839524,0.3916225384162664,-0.057924793429421584,-0.1569369711345976
18,266.3333333333333,146.08666666666667,141.0,63.995514078896356,157.0,187.4,0.14538675905338472,66.64,-0.7249079855781372,-0.4850847643957834,-0.18442430093991555,0.4165147849903515,-0.06160659950378367,-0.1670596354628486
19,371.3333333333333,128.66666666666663,125.0,76.04273652215429,157.0,187.4,0.144032714752739,70.85,-0.6217308275022093,-0.41604197770835055,-0.15817493463455692,0.6265613826344028,-0.05283804682953931,-0.1413135363997415
20,254.0,123.66,117.0,63.16027197183017,186.4,187.4,0.1568378782160421,75.11,-0.6524495808366004,-0.5755383235897001,-0.16599011217729365,0.436401555038,-0.05544869255503513,-0.1482956184768261
21,287.6666666666667,148.60000000000002,148.0,65.43488705915557,220.2,220.2,0.12518948990880813,80.41,-0.648687693125576,-0.5590690858402713,-0.1675240529988978,0.4471693167442688,-0.08612569974556154,-0.17664566713555666
22,319.3333333333333,167.9333333333333,174.16666666666669,68.12834293530932,207.5,220.2,0.1194797547651711,85.72,-0.6138640507863429,-0.43989390242561505,-0.11343017629223816,0.6199264057113619,-0.11339027757158956,-0.14011343019599332
23,258.6666666666667,166.6,170.83333333333331,55.59056674572684,208.8,220.2,0.12598703307176223,91.7,-0.6929235252399486,-0.5331296822929996,-0.15973550544072707,0.4273461172615023,-0.0542981187786045,-0.15665665861183842
24,292.3333333333333,138.8,155.33333333333334,69.99098354629528,189.6,220.2,0.14490389884605678,96.35,-0.659270831567735,-0.5150996210601857,-0.14918341567655316,0.5002017259408641,0.0431385474099438,-0.16036196122477972
25,296.0,151.82,150.16666666666669,64.11244323668984,151.2,220.2,0.13333990974373697,101.27,-0.6837132872109215,-0.4917777450217251,-0.13856246103032552,0.500888113091079,0.01860333195100182,-0.14232444972731195
26,292.6666666666667,125.88,132.66666666666669,51.9742141194394,127.8,220.2,0.15158973592413522,105.48,-0.7055858811198408,-0.39072954934812465,-0.1657339139045435,0.5529257518856828,0.01801758297692763,-0.1263318369127621
27,270.3333333333333,128.14666666666668,124.83333333333334,53.51083628574683,162.7,220.2,0.1911180945495127,109.53,-0.591944108526395,-0.5777291769545029,-0.14443783385735182,0.5221269420434005,0.01848906021608085,-0.14835933968474643
28,322.6666666666667,186.28,198.5,68.9003905810571,194.6,220.2,0.19057564584332812,116.08,-0.7868119689396552,-0.548390530755997,-0.18481297685881706,0.13468076042642924,-0.054701946267061534,-0.1578217498971412
29,262.0,124.78,123.66666666666666,50.564924601941215,198.4,220.2,0.17600193854029983,120.28,-0.6825338915014789,-0.47864753250559366,-0.12619980563196556,0.5190412928117437,0.020995989885867886,-0.13882701610866122
30,343.3333333333333,153.55999999999997,140.66666666666669,62.61151615761717,199.1,220.2,0.21022298503824483,125.57,-0.6563960516614566,-0.4832540795366156,-0.12741436394569233,0.5384528737218678,0.020155927545206297,-0.17040404690100006
31,270.3333333333333,131.12666666666667,130.83333333333331,54.77103411272949,161.6,220.2,0.24007885538677864,130.29,-0.7633021584346509,-0.5530699119587543,-0.17411988214172328,0.18961203989744624,0.11573712838854774,-0.17837585457733138
32,367.0,131.4933333333333,126.5,83.5655495205211,225.0,225.0,0.24437397346623851,135.08,-0.6934456733308437,-0.4894448600902695,-0.16494770884688684,0.47597561883794126,-0.05135473020767782,-0.152246452744383
33,276.0,150.43999999999997,144.16666666666669,61.030864322898125,165.8,225.0,0.20936274167130065,140.15,-0.7030878702306046,-0.49881668315131045,-0.1540082824806991,0.45309947765419284,-0.05714382238787403,-0.15673627271395588
34,353.6666666666667,165.38666666666666,153.83333333333331,64.37481771279478,152.8,225.0,0.18630955872690408,145.91,-0.6527346535978783,-0.6952399174534146,-0.13308122527642852,0.1682701547362281,0.02658777501673971,-0.2093957064876374
35,341.0,155.4,164.66666666666666,80.30644086525342,201.4,225.0,0.21112250626690113,151.38,-0.6631443603227448,-0.5108753958955196,-0.12921483487456187,0.499264546360951,0.028853618388542293,-0.18014381793987733
36,290.3333333333333,145.66666666666669,133.5,62.06075875928184,200.1,225.0,0.2157579704821464,156.3,-0.6328949601193213,-0.5562511861145729,-0.14215133862687596,0.4889183847414314,0.019578842220136634,-0.17434754465558008
37,324.0,180.97333333333336,180.66666666666666,76.06818111258988,180.0,225.0,0.23694477870396885,162.02,-0.7481510361450788,-0.46461389795165453,-0.12304763316478136,0.4192361705019587,0.01710564477174617,-0.1822406737738735
38,261.3333333333333,114.93333333333331,106.33333333333333,53.31124542616585,159.4,225.0,0.2401099193246301,166.21,-0.6218555871269755,-0.6072145208246285,-0.1669977095626119,0.422598763360532,0.12190408524399399,-0.15247163233368094
39,390.0,177.94,178.16666666666666,81.3629915870846,186.3,225.0,0.25002289390554366,171.99,-0.6468146461477089,-0.6525373113472444,-0.11676893248952652,0.35317860303124793,-0.03992662860346632,-0.12594294709525145
40,286.0,121.1,105.66666666666666,61.239538789176976,193.2,225.0,0.25399555446279004,176.33,-0.6061914225988877,-0.5919191558637942,-0.17413948163931367,0.4709519338894938,0.01476327371717818,-0.17270041904500028
41,224.33333333333334,128.34666666666666,115.83333333333334,54.63051487543895,193.2,225.0,0.2665465053183668,181.04,-0.6061914225988877,-0.5919191558637942,-0.17413948163931367,0.4709519338894938,0.01476327371717818,-0.17270041904500028
42,393.3333333333333,140.94666666666666,131.16666666666669,82.44716449541083,148.4,225.0,0.24809883013206427,186.11,-0.8602110336260065,-0.3736540414849455,-0.17473563803001615,0.2345292703259069,-0.0550815364830403,-0.17846326628007408
43,353.0,159.69333333333333,154.0,78.61328245136299,192.6,225.0,0.2605768314675992,191.72,-0.7937139439439357,-0.47853237826473555,-0.1506169088598424,0.28754706027687477,-0.04621742340286559,-0.18308501524399154
44,305.6666666666667,166.4,148.16666666666669,64.96494781375911,150.3,225.0,0.23581985544312048,196.99,-0.719001177498918,-0.6103255857594377,-0.20795616466764488,0.1497430213660139,0.012339775673006467,-0.21146861986547597
45,335.3333333333333,145.51333333333335,135.83333333333331,66.5008006635175,191.8,225.0,0.2279494676901106,202.18,-0.6945969518976263,-0.5752618217780929,-0.1563528865516795,0.34278761072554786,-0.04928678157426362,-0.2054997634576625
46,223.0,113.32000000000002,107.33333333333334,54.764626052468095,202.3,225.0,0.2195232408455723,206.95,-0.7004590262980397,-0.6570690953767542,-0.1467037587148492,0.1909742352854981,-0.03569725908699975,-0.13546184225864535
47,395.6666666666667,162.82666666666668,160.5,80.9257613151983,180.5,225.0,0.21392893845647173,212.96,-0.6703738033200458,-0.6334763777606849,-0.1215201887137977,0.3149410027667981,0.011650780229432734,-0.18765902715475993
48,287.0,191.36000000000004,182.33333333333334,61.73642324880472,240.4,240.4,0.19009156292126622,219.51,-0.7005991326289936,-0.6572005228217299,-0.15819207784251826,0.13194543121485744,-0.048262006667646795,-0.18023533661341457
49,317.0,166.7,164.33333333333334,78.18485929016066,199.0,240.4,0.16258814385392956,225.05,-0.7418272382580463,-0.5439284850581159,-0.15230653196016006,0.2830043027753492,-0.06967935914382689,-0.2137527159196714
